ID,First Name,Last Name,Email
1,John,Doe,john.doe@example.com
2,Jane,Smith,jane.smith@example.com
3,Michael,Johnson,michael.johnson@example.com
4,Emily,Davis,emily.davis@example.com
5,Daniel,Miller,daniel.miller@example.com
6,Sophia,Brown,sophia.brown@example.com
7,Matthew,Williams,matthew.williams@example.com
8,Olivia,Wilson,olivia.wilson@example.com
9,Ethan,Moore,ethan.moore@example.com
10,Emma,Taylor,emma.taylor@example.com
11,James,Anderson,james.anderson@example.com
12,Ava,Thomas,ava.thomas@example.com
13,Benjamin,Jackson,benjamin.jackson@example.com
14,Mia,White,mia.white@example.com
15,Alexander,Harris,alexander.harris@example.com
16,Charlotte,Martin,charlotte.martin@example.com
17,William,Thompson,william.thompson@example.com
18,Isabella,Garcia,isabella.garcia@example.com
19,Henry,Martinez,henry.martinez@example.com
20,Amelia,Robinson,amelia.robinson@example.com
21,Samuel,Clark,samuel.clark@example.com
22,Harper,Rodriguez,harper.rodriguez@example.com
23,Joseph,Lewis,joseph.lewis@example.com
24,Evelyn,Lee,evelyn.lee@example.com
25,David,Walker,david.walker@example.com
26,Lily,Hall,lily.hall@example.com
27,Jackson,Allen,jackson.allen@example.com
28,Grace,Young,grace.young@example.com
29,Lucas,Hernandez,lucas.hernandez@example.com